class,ROCAUC,n_positives,n_negatives
Amoxicillin-Clavulanic acid,0.9334313273429871,117,279
Ampicillin,0.9807829856872559,144,116
Benzylpenicillin,0.9682888388633728,130,98
Cefepime,0.8793613910675049,65,265
Ciprofloxacin,0.8403551578521729,68,333
Clindamycin,0.7853410243988037,49,164
Fosfomycin,0.9298683404922485,66,237
Nitrofurantoin,0.9810315370559692,102,92
micro,0.9311544299125671,,
macro,0.9123075753450394,,
