class,ROCAUC,n_positives,n_negatives
Amoxicillin-Clavulanic acid,0.9331679940223694,108,280
Ampicillin,0.9831382036209106,129,137
Benzylpenicillin,0.9653424620628357,128,94
Cefepime,0.9022388458251953,51,282
Ciprofloxacin,0.7948124408721924,58,343
Clindamycin,0.8161011934280396,45,167
Fosfomycin,0.9094163179397583,74,219
Nitrofurantoin,0.9921190142631531,99,91
micro,0.9417816400527954,,
macro,0.9120420590043068,,
