class,ROCAUC,n_positives,n_negatives
Amoxicillin-Clavulanic acid,0.9229049682617188,103,304
Ampicillin,0.9741777181625366,148,129
Benzylpenicillin,0.9684246778488159,126,93
Cefepime,0.8617543578147888,55,285
Ciprofloxacin,0.8311138153076172,61,341
Clindamycin,0.8679824471473694,40,171
Fosfomycin,0.9308270812034607,50,266
Nitrofurantoin,0.9936090111732483,112,95
micro,0.9401784539222717,,
macro,0.9188492596149445,,
