class,ROCAUC,n_positives,n_negatives
Amoxicillin-Clavulanic acid,0.913893461227417,103,290
Ampicillin,0.9775206446647644,150,121
Benzylpenicillin,0.9745762348175049,118,88
Cefepime,0.8716474771499634,45,290
Ciprofloxacin,0.8484668731689453,73,323
Clindamycin,0.7880426049232483,37,165
Fosfomycin,0.9185793399810791,47,254
Nitrofurantoin,0.992766261100769,108,96
micro,0.9404270648956299,,
macro,0.9106866121292114,,
