class,ROCAUC,n_positives,n_negatives
Amoxicillin-Clavulanic acid,0.9207087159156799,105,301
Ampicillin,0.9801419377326965,143,131
Benzylpenicillin,0.956588625907898,116,84
Cefepime,0.8774850964546204,53,298
Ciprofloxacin,0.8223752975463867,79,340
Clindamycin,0.8417742252349854,40,155
Fosfomycin,0.9503222107887268,56,266
Nitrofurantoin,0.9997518062591553,113,107
micro,0.9393013715744019,,
macro,0.9186434894800186,,
