class,ROCAUC,n_positives,n_negatives
Amoxicillin-Clavulanic acid,0.9040974378585815,105,301
Ampicillin,0.971494197845459,143,131
Benzylpenicillin,0.963567316532135,116,84
Cefepime,0.8734962940216064,53,298
Ciprofloxacin,0.8239017128944397,79,340
Clindamycin,0.8674193620681763,40,155
Fosfomycin,0.9283029437065125,56,266
Nitrofurantoin,0.9997518062591553,113,107
micro,0.9356717467308044,,
macro,0.9165038838982582,,
