class,ROCAUC,n_positives,n_negatives
Amoxicillin-Clavulanic acid,0.9186838865280151,108,280
Ampicillin,0.9807616472244263,129,137
Benzylpenicillin,0.9667552709579468,128,94
Cefepime,0.899109959602356,51,282
Ciprofloxacin,0.8186889886856079,58,343
Clindamycin,0.7583499550819397,45,167
Fosfomycin,0.9017030596733093,74,219
Nitrofurantoin,0.9976690411567688,99,91
micro,0.933957040309906,,
macro,0.9052152261137962,,
