class,ROCAUC,n_positives,n_negatives
Amoxicillin-Clavulanic acid,0.9367091655731201,117,279
Ampicillin,0.9724017977714539,144,116
Benzylpenicillin,0.9695447087287903,130,98
Cefepime,0.8935849070549011,65,265
Ciprofloxacin,0.854840099811554,68,333
Clindamycin,0.8071179389953613,49,164
Fosfomycin,0.9132464528083801,66,237
Nitrofurantoin,0.987318754196167,102,92
micro,0.934881865978241,,
macro,0.916845478117466,,
