class,ROCAUC,n_positives,n_negatives
Amoxicillin-Clavulanic acid,0.9133913516998291,103,290
Ampicillin,0.9702479839324951,150,121
Benzylpenicillin,0.9714946746826172,118,88
Cefepime,0.8705746531486511,45,290
Ciprofloxacin,0.8695025444030762,73,323
Clindamycin,0.7900081872940063,37,165
Fosfomycin,0.8972189426422119,47,254
Nitrofurantoin,0.9947916269302368,108,96
micro,0.9417204856872559,,
macro,0.9096537455916405,,
