class,ROCAUC,n_positives,n_negatives
Amoxicillin-Clavulanic acid,0.9088528156280518,103,304
Ampicillin,0.962759256362915,148,129
Benzylpenicillin,0.9638163447380066,126,93
Cefepime,0.8489952087402344,55,285
Ciprofloxacin,0.8428921103477478,61,341
Clindamycin,0.880116879940033,40,171
Fosfomycin,0.8862406015396118,50,266
Nitrofurantoin,0.9930450916290283,112,95
micro,0.9342315196990967,,
macro,0.9108397886157036,,
